population,params,params_ci_5,params_ci_95,discretized,discretized_ci_5,discretized_ci_95
Homo_sapiens,"{'S_d': -107.79309886726016, 'b': 0.1896454137694848, 'p_b': 0.0, 'S_b': 1.0, 'eps': 0.0, 'h': 0.5}","{'S_d': -199.09573255272863, 'b': 0.16059836486791, 'p_b': 0.0, 'S_b': 1.0, 'eps': 0.0, 'h': 0.5}","{'S_d': -56.15368202818198, 'b': 0.22203810528297882, 'p_b': 0.0, 'S_b': 1.0, 'eps': 0.0, 'h': 0.5}",[0.22649343 0.25901489 0.18085689 0.33363479 0.         0.        ],[0.16527866 0.21449915 0.15214363 0.31482983 0.         0.        ],[0.28513442 0.30946348 0.21412319 0.35183513 0.         0.        ]
Pan_paniscus,"{'S_d': -928.8787179730145, 'b': 0.11600873059767068, 'p_b': 0.0, 'S_b': 1.0, 'eps': 0.0, 'h': 0.5}","{'S_d': -3003.9789464615687, 'b': 0.08623348624670867, 'p_b': 0.0, 'S_b': 1.0, 'eps': 0.0, 'h': 0.5}","{'S_d': -152.8725825356809, 'b': 0.14737447883521262, 'p_b': 0.0, 'S_b': 1.0, 'eps': 0.0, 'h': 0.5}",[0.31008868 0.16047639 0.12370793 0.405727   0.         0.        ],[0.25086984 0.11277652 0.09260955 0.38142362 0.         0.        ],[0.37065245 0.21446275 0.15828781 0.43134228 0.         0.        ]
Pan_troglodytes_ellioti,"{'S_d': -469.0601538292792, 'b': 0.13698185921645117, 'p_b': 0.0, 'S_b': 1.0, 'eps': 0.0, 'h': 0.5}","{'S_d': -906.7626413549316, 'b': 0.11561900843622355, 'p_b': 0.0, 'S_b': 1.0, 'eps': 0.0, 'h': 0.5}","{'S_d': -204.51289798866043, 'b': 0.15857912753726794, 'p_b': 0.0, 'S_b': 1.0, 'eps': 0.0, 'h': 0.5}",[0.32818285 0.17987514 0.13283257 0.35910944 0.         0.        ],[0.28627672 0.14915301 0.11484777 0.34482693 0.         0.        ],[0.37005935 0.21947615 0.15613189 0.3740045  0.         0.        ]
Pan_troglodytes_schweinfurthii,"{'S_d': -1537.980511548401, 'b': 0.12335555504532593, 'p_b': 0.0, 'S_b': 1.0, 'eps': 0.0, 'h': 0.5}","{'S_d': -3696.7038866292414, 'b': 0.10300512866949078, 'p_b': 0.0, 'S_b': 1.0, 'eps': 0.0, 'h': 0.5}","{'S_d': -499.2130363916133, 'b': 0.14622827414721137, 'p_b': 0.0, 'S_b': 1.0, 'eps': 0.0, 'h': 0.5}",[0.39483425 0.14929977 0.11259211 0.34327387 0.         0.        ],[0.36196783 0.12187771 0.09597339 0.32966333 0.         0.        ],[0.42934887 0.18403898 0.13284666 0.35683274 0.         0.        ]
Pan_troglodytes_troglodytes,"{'S_d': -11222.55452911141, 'b': 0.10095531194979851, 'p_b': 0.0, 'S_b': 1.0, 'eps': 0.0, 'h': 0.5}","{'S_d': -34078.99715926993, 'b': 0.08263197798644673, 'p_b': 0.0, 'S_b': 1.0, 'eps': 0.0, 'h': 0.5}","{'S_d': -1753.2967999488021, 'b': 0.12011329816472768, 'p_b': 0.0, 'S_b': 1.0, 'eps': 0.0, 'h': 0.5}",[0.44996688 0.1142023  0.09030429 0.34552653 0.         0.        ],[0.42060729 0.09095382 0.07512129 0.33322869 0.         0.        ],[0.4796561  0.14162758 0.10742381 0.36046336 0.         0.        ]
Pan_troglodytes_verus,"{'S_d': -509.7923296183797, 'b': 0.13123382851124413, 'p_b': 0.0, 'S_b': 1.0, 'eps': 0.0, 'h': 0.5}","{'S_d': -1175.8821242670049, 'b': 0.10568376208674954, 'p_b': 0.0, 'S_b': 1.0, 'eps': 0.0, 'h': 0.5}","{'S_d': -149.9305322823888, 'b': 0.1585722925333859, 'p_b': 0.0, 'S_b': 1.0, 'eps': 0.0, 'h': 0.5}",[0.31352637 0.17706936 0.13254169 0.37686258 0.         0.        ],[0.25475781 0.13875687 0.10914836 0.35869575 0.         0.        ],[0.3653034  0.22582574 0.16228709 0.39492645 0.         0.        ]
Gorilla_beringei_beringei,"{'S_d': -50251.07910973864, 'b': 0.08067981143440703, 'p_b': 0.0, 'S_b': 1.0, 'eps': 0.0, 'h': 0.5}","{'S_d': -100000.0, 'b': 0.06887729914381129, 'p_b': 0.0, 'S_b': 1.0, 'eps': 0.0, 'h': 0.5}","{'S_d': -2369.1087734671487, 'b': 0.1026214525619057, 'p_b': 0.0, 'S_b': 1.0, 'eps': 0.0, 'h': 0.5}",[0.44964606 0.09358996 0.07741219 0.3793518  0.         0.        ],[0.40322547 0.07858098 0.0670542  0.36533806 0.         0.        ],[0.4767508  0.12965571 0.10165355 0.39279725 0.         0.        ]
Gorilla_beringei_graueri,"{'S_d': -50535.08522327925, 'b': 0.0805180440684934, 'p_b': 0.0, 'S_b': 1.0, 'eps': 0.0, 'h': 0.5}","{'S_d': -100000.0, 'b': 0.06685067791127462, 'p_b': 0.0, 'S_b': 1.0, 'eps': 0.0, 'h': 0.5}","{'S_d': -1523.231750677754, 'b': 0.10701491715896509, 'p_b': 0.0, 'S_b': 1.0, 'eps': 0.0, 'h': 0.5}",[0.44205524 0.09479944 0.07834426 0.38480105 0.         0.        ],[0.38901762 0.07770216 0.06661803 0.36910934 0.         0.        ],[0.47278624 0.13686873 0.1065377  0.4010294  0.         0.        ]
Gorilla_gorilla_gorilla,"{'S_d': -1745.2520440044277, 'b': 0.12122365253441869, 'p_b': 0.0, 'S_b': 1.0, 'eps': 0.0, 'h': 0.5}","{'S_d': -4363.681426822359, 'b': 0.10273440153125511, 'p_b': 0.0, 'S_b': 1.0, 'eps': 0.0, 'h': 0.5}","{'S_d': -564.4812304829139, 'b': 0.14021120459730407, 'p_b': 0.0, 'S_b': 1.0, 'eps': 0.0, 'h': 0.5}",[0.39949922 0.1460014  0.11060315 0.34389624 0.         0.        ],[0.36510435 0.11901789 0.09400694 0.33227019 0.         0.        ],[0.43505577 0.17831232 0.12960233 0.35564085 0.         0.        ]
Pongo_abelii,"{'S_d': -4174.35571877345, 'b': 0.1176187710598777, 'p_b': 0.0, 'S_b': 1.0, 'eps': 0.0, 'h': 0.5}","{'S_d': -10064.092257393904, 'b': 0.10007277098291699, 'p_b': 0.0, 'S_b': 1.0, 'eps': 0.0, 'h': 0.5}","{'S_d': -1079.190960427965, 'b': 0.13673540457540212, 'p_b': 0.0, 'S_b': 1.0, 'eps': 0.0, 'h': 0.5}",[0.44567378 0.13153959 0.10023716 0.32254947 0.         0.        ],[0.41372876 0.10921703 0.08627913 0.3118064  0.         0.        ],[0.4768604  0.16148274 0.11781451 0.33376968 0.         0.        ]
Pongo_pygmaeus,"{'S_d': -646.8165435484591, 'b': 0.15384412378233142, 'p_b': 0.0, 'S_b': 1.0, 'eps': 0.0, 'h': 0.5}","{'S_d': -1261.1513916412343, 'b': 0.13585086016120385, 'p_b': 0.0, 'S_b': 1.0, 'eps': 0.0, 'h': 0.5}","{'S_d': -312.129545450981, 'b': 0.17345018464850503, 'p_b': 0.0, 'S_b': 1.0, 'eps': 0.0, 'h': 0.5}",[0.38545336 0.18198849 0.12887079 0.30368736 0.         0.        ],[0.34767765 0.1535952  0.11305122 0.2928961  0.         0.        ],[0.4207034  0.21590482 0.14703176 0.31428471 0.         0.        ]
Macaca_cyclopis,"{'S_d': -69329.31385146268, 'b': 0.09502483073136311, 'p_b': 0.0, 'S_b': 1.0, 'eps': 0.0, 'h': 0.5}","{'S_d': -100000.0, 'b': 0.08763681021396323, 'p_b': 0.0, 'S_b': 1.0, 'eps': 0.0, 'h': 0.5}","{'S_d': -11671.038341835612, 'b': 0.11181868377541854, 'p_b': 0.0, 'S_b': 1.0, 'eps': 0.0, 'h': 0.5}",[0.53556896 0.09138242 0.07329204 0.29975658 0.         0.        ],[0.50916655 0.08427402 0.06883881 0.29058848 0.         0.        ],[0.55011951 0.11769115 0.08988258 0.30836552 0.         0.        ]
Macaca_fuscata,"{'S_d': -100000.0, 'b': 0.08055149094173007, 'p_b': 0.0, 'S_b': 1.0, 'eps': 0.0, 'h': 0.5}","{'S_d': -100000.0, 'b': 0.07904399313786006, 'p_b': 0.0, 'S_b': 1.0, 'eps': 0.0, 'h': 0.5}","{'S_d': -100000.0, 'b': 0.08246694713013943, 'p_b': 0.0, 'S_b': 1.0, 'eps': 0.0, 'h': 0.5}",[0.51224079 0.08256167 0.06858628 0.33661126 0.         0.        ],[0.50636555 0.08214241 0.06847525 0.32859664 0.         0.        ],[0.52008138 0.08310273 0.06871433 0.34321504 0.         0.        ]
Macaca_mulatta,"{'S_d': -51890.864381293126, 'b': 0.10456043627933073, 'p_b': 0.0, 'S_b': 1.0, 'eps': 0.0, 'h': 0.5}","{'S_d': -100000.0, 'b': 0.0948699083728121, 'p_b': 0.0, 'S_b': 1.0, 'eps': 0.0, 'h': 0.5}","{'S_d': -12882.95789364242, 'b': 0.11819395555521521, 'p_b': 0.0, 'S_b': 1.0, 'eps': 0.0, 'h': 0.5}",[0.5545334  0.09538176 0.07487745 0.27520738 0.         0.        ],[0.53682569 0.08547083 0.06866328 0.26831596 0.         0.        ],[0.56741506 0.11126925 0.08485523 0.28219682 0.         0.        ]
Macaca_hecki,"{'S_d': -100000.0, 'b': 0.08837217032855241, 'p_b': 0.0, 'S_b': 1.0, 'eps': 0.0, 'h': 0.5}","{'S_d': -100000.0, 'b': 0.08714231121210007, 'p_b': 0.0, 'S_b': 1.0, 'eps': 0.0, 'h': 0.5}","{'S_d': -100000.0, 'b': 0.08996829402662727, 'p_b': 0.0, 'S_b': 1.0, 'eps': 0.0, 'h': 0.5}",[0.54159073 0.08439246 0.06885644 0.30516037 0.         0.        ],[0.53717191 0.08415167 0.06884893 0.29911843 0.         0.        ],[0.54735928 0.08469645 0.06885963 0.31074525 0.         0.        ]
Macaca_leonina,"{'S_d': -100000.0, 'b': 0.08766661720568965, 'p_b': 0.0, 'S_b': 1.0, 'eps': 0.0, 'h': 0.5}","{'S_d': -100000.0, 'b': 0.08651650063062447, 'p_b': 0.0, 'S_b': 1.0, 'eps': 0.0, 'h': 0.5}","{'S_d': -100000.0, 'b': 0.08917182907020481, 'p_b': 0.0, 'S_b': 1.0, 'eps': 0.0, 'h': 0.5}",[0.53903132 0.08425306 0.06885447 0.30786115 0.         0.        ],[0.53484695 0.08401882 0.06884457 0.30210725 0.         0.        ],[0.54449338 0.08454939 0.06885959 0.31261151 0.         0.        ]
Macaca_maura,"{'S_d': -100000.0, 'b': 0.08219057407176317, 'p_b': 0.0, 'S_b': 1.0, 'eps': 0.0, 'h': 0.5}","{'S_d': -100000.0, 'b': 0.08082959856279624, 'p_b': 0.0, 'S_b': 1.0, 'eps': 0.0, 'h': 0.5}","{'S_d': -100000.0, 'b': 0.08374165121423527, 'p_b': 0.0, 'S_b': 1.0, 'eps': 0.0, 'h': 0.5}",[0.51857487 0.0829992  0.06869021 0.32973572 0.         0.        ],[0.51335674 0.08264484 0.06861121 0.32336003 0.         0.        ],[0.52455195 0.08339316 0.06876777 0.33570882 0.         0.        ]
Macaca_nemestrina,"{'S_d': -100000.0, 'b': 0.09613897461755823, 'p_b': 0.0, 'S_b': 1.0, 'eps': 0.0, 'h': 0.5}","{'S_d': -100000.0, 'b': 0.0948539274116991, 'p_b': 0.0, 'S_b': 1.0, 'eps': 0.0, 'h': 0.5}","{'S_d': -100000.0, 'b': 0.09743268546768176, 'p_b': 0.0, 'S_b': 1.0, 'eps': 0.0, 'h': 0.5}",[0.5687308  0.08563443 0.06863167 0.2770031  0.         0.        ],[0.56438179 0.08546781 0.06855428 0.27258498 0.         0.        ],[0.573239   0.08579839 0.06870165 0.28149706 0.         0.        ]
Macaca_nigra,"{'S_d': -61914.51111298953, 'b': 0.08643533391843602, 'p_b': 0.0, 'S_b': 1.0, 'eps': 0.0, 'h': 0.5}","{'S_d': -100000.0, 'b': 0.07809221406244236, 'p_b': 0.0, 'S_b': 1.0, 'eps': 0.0, 'h': 0.5}","{'S_d': -6602.0051807556665, 'b': 0.10686729866000833, 'p_b': 0.0, 'S_b': 1.0, 'eps': 0.0, 'h': 0.5}",[0.49753511 0.09079254 0.07425571 0.33741664 0.         0.        ],[0.47446079 0.08186086 0.06838997 0.3260844  0.         0.        ],[0.5130768  0.1177719  0.09193279 0.34749588 0.         0.        ]
Macaca_radiata,"{'S_d': -81319.37933725788, 'b': 0.07780003640346794, 'p_b': 0.0, 'S_b': 1.0, 'eps': 0.0, 'h': 0.5}","{'S_d': -100000.0, 'b': 0.07365045783210408, 'p_b': 0.0, 'S_b': 1.0, 'eps': 0.0, 'h': 0.5}","{'S_d': -19175.14366804662, 'b': 0.08891311788444212, 'p_b': 0.0, 'S_b': 1.0, 'eps': 0.0, 'h': 0.5}",[0.48585332 0.08437533 0.07047604 0.35929531 0.         0.        ],[0.46312539 0.08040655 0.06786515 0.350509   0.         0.        ],[0.49810672 0.10392907 0.08391996 0.367711   0.         0.        ]
Macaca_silenus,"{'S_d': -88498.58559624366, 'b': 0.0692287612256209, 'p_b': 0.0, 'S_b': 1.0, 'eps': 0.0, 'h': 0.5}","{'S_d': -100000.0, 'b': 0.06543925682682106, 'p_b': 0.0, 'S_b': 1.0, 'eps': 0.0, 'h': 0.5}","{'S_d': -19867.61118468362, 'b': 0.08196597884815122, 'p_b': 0.0, 'S_b': 1.0, 'eps': 0.0, 'h': 0.5}",[0.4545751  0.08040225 0.06849529 0.39652736 0.         0.        ],[0.43513253 0.0770677  0.0662878  0.3848928  0.         0.        ],[0.46812782 0.10031317 0.0827192  0.40857064 0.         0.        ]
Macaca_tonkeana,"{'S_d': -100000.0, 'b': 0.09212051969538075, 'p_b': 0.0, 'S_b': 1.0, 'eps': 0.0, 'h': 0.5}","{'S_d': -100000.0, 'b': 0.09076564945923957, 'p_b': 0.0, 'S_b': 1.0, 'eps': 0.0, 'h': 0.5}","{'S_d': -100000.0, 'b': 0.09355972466278024, 'p_b': 0.0, 'S_b': 1.0, 'eps': 0.0, 'h': 0.5}",[0.55492797 0.08505892 0.06880397 0.29120914 0.         0.        ],[0.55018744 0.08483677 0.06875764 0.28603212 0.         0.        ],[0.5601436  0.08529231 0.06883971 0.29649478 0.         0.        ]
Macaca_arctoides,"{'S_d': -15579.488525311812, 'b': 0.10992346710143082, 'p_b': 0.0, 'S_b': 1.0, 'eps': 0.0, 'h': 0.5}","{'S_d': -41080.39594106293, 'b': 0.09414361923591548, 'p_b': 0.0, 'S_b': 1.0, 'eps': 0.0, 'h': 0.5}","{'S_d': -3318.938113167756, 'b': 0.12688683113449692, 'p_b': 0.0, 'S_b': 1.0, 'eps': 0.0, 'h': 0.5}",[0.50153352 0.11158026 0.08646803 0.30041818 0.         0.        ],[0.47608374 0.09275411 0.07474999 0.29152414 0.         0.        ],[0.5270848  0.13542713 0.10079277 0.31049598 0.         0.        ]
Macaca_assamensis,"{'S_d': -14944.627470524098, 'b': 0.11512470088903451, 'p_b': 0.0, 'S_b': 1.0, 'eps': 0.0, 'h': 0.5}","{'S_d': -37255.677863698336, 'b': 0.10032818159960136, 'p_b': 0.0, 'S_b': 1.0, 'eps': 0.0, 'h': 0.5}","{'S_d': -4109.9717845937585, 'b': 0.1307917172008174, 'p_b': 0.0, 'S_b': 1.0, 'eps': 0.0, 'h': 0.5}",[0.52003166 0.11183583 0.08567021 0.2824623  0.         0.        ],[0.49861918 0.09506775 0.07546427 0.27381372 0.         0.        ],[0.53914476 0.13119909 0.09732532 0.29172004 0.         0.        ]
Macaca_leucogenys,"{'S_d': -100000.0, 'b': 0.10000196313766936, 'p_b': 0.0, 'S_b': 1.0, 'eps': 0.0, 'h': 0.5}","{'S_d': -100000.0, 'b': 0.0986794845199213, 'p_b': 0.0, 'S_b': 1.0, 'eps': 0.0, 'h': 0.5}","{'S_d': -100000.0, 'b': 0.10128709642754131, 'p_b': 0.0, 'S_b': 1.0, 'eps': 0.0, 'h': 0.5}",[0.5815353  0.08606057 0.06836254 0.26404159 0.         0.        ],[0.57721242 0.08593057 0.06825566 0.25990089 0.         0.        ],[0.58652899 0.08620063 0.06846821 0.26843037 0.         0.        ]
Papio_anubis,"{'S_d': -100000.0, 'b': 0.08383082496088479, 'p_b': 0.0, 'S_b': 1.0, 'eps': 0.0, 'h': 0.5}","{'S_d': -100000.0, 'b': 0.08256830692406442, 'p_b': 0.0, 'S_b': 1.0, 'eps': 0.0, 'h': 0.5}","{'S_d': -100000.0, 'b': 0.08522974730569718, 'p_b': 0.0, 'S_b': 1.0, 'eps': 0.0, 'h': 0.5}",[0.52481084 0.08340659 0.06876722 0.32301535 0.         0.        ],[0.52005661 0.08310109 0.068714   0.31743308 0.         0.        ],[0.53102417 0.08379358 0.06882361 0.32864042 0.         0.        ]
Papio_cynocephalus_anubishybrid,"{'S_d': -96397.00961065498, 'b': 0.09154448754087176, 'p_b': 0.0, 'S_b': 1.0, 'eps': 0.0, 'h': 0.5}","{'S_d': -100000.0, 'b': 0.08992388445685541, 'p_b': 0.0, 'S_b': 1.0, 'eps': 0.0, 'h': 0.5}","{'S_d': -70645.49567927899, 'b': 0.09406137367351779, 'p_b': 0.0, 'S_b': 1.0, 'eps': 0.0, 'h': 0.5}",[0.55055243 0.08541872 0.06918068 0.29484817 0.         0.        ],[0.5442962  0.08468738 0.0687933  0.28964215 0.         0.        ],[0.55657246 0.09147404 0.07317594 0.29929956 0.         0.        ]
Papio_cynocephalus_ssp,"{'S_d': -88143.79274073773, 'b': 0.09127208173632699, 'p_b': 0.0, 'S_b': 1.0, 'eps': 0.0, 'h': 0.5}","{'S_d': -100000.0, 'b': 0.08862783397151959, 'p_b': 0.0, 'S_b': 1.0, 'eps': 0.0, 'h': 0.5}","{'S_d': -35972.82635607048, 'b': 0.09890017933440727, 'p_b': 0.0, 'S_b': 1.0, 'eps': 0.0, 'h': 0.5}",[0.54398781 0.08644753 0.07004281 0.29952185 0.         0.        ],[0.5332126  0.0844458  0.06883762 0.2939454  0.         0.        ],[0.55059314 0.09730606 0.0771596  0.30431234 0.         0.        ]
Papio_hamadryas,"{'S_d': -75005.82147265163, 'b': 0.08388442878942085, 'p_b': 0.0, 'S_b': 1.0, 'eps': 0.0, 'h': 0.5}","{'S_d': -100000.0, 'b': 0.07867546090485675, 'p_b': 0.0, 'S_b': 1.0, 'eps': 0.0, 'h': 0.5}","{'S_d': -15090.548527046654, 'b': 0.09652665705904898, 'p_b': 0.0, 'S_b': 1.0, 'eps': 0.0, 'h': 0.5}",[0.50379933 0.08721967 0.0718234  0.3371576  0.         0.        ],[0.4792708  0.08203439 0.06844325 0.32955962 0.         0.        ],[0.51570753 0.10688386 0.08499633 0.34480677 0.         0.        ]
Papio_kindae,"{'S_d': -68774.93850620012, 'b': 0.09400225986962818, 'p_b': 0.0, 'S_b': 1.0, 'eps': 0.0, 'h': 0.5}","{'S_d': -100000.0, 'b': 0.08794138381940757, 'p_b': 0.0, 'S_b': 1.0, 'eps': 0.0, 'h': 0.5}","{'S_d': -17308.900820400646, 'b': 0.10618613429806259, 'p_b': 0.0, 'S_b': 1.0, 'eps': 0.0, 'h': 0.5}",[0.53677716 0.0902088  0.07258334 0.3004307  0.         0.        ],[0.51966144 0.08431205 0.06884997 0.29366246 0.         0.        ],[0.54822816 0.10729852 0.08355494 0.30705385 0.         0.        ]
Papio_ursinus,"{'S_d': -98259.29263889517, 'b': 0.09102089368409211, 'p_b': 0.0, 'S_b': 1.0, 'eps': 0.0, 'h': 0.5}","{'S_d': -100000.0, 'b': 0.0895633193922233, 'p_b': 0.0, 'S_b': 1.0, 'eps': 0.0, 'h': 0.5}","{'S_d': -99368.11187954723, 'b': 0.09279664624421079, 'p_b': 0.0, 'S_b': 1.0, 'eps': 0.0, 'h': 0.5}",[0.55008945 0.08506139 0.06897891 0.29587025 0.         0.        ],[0.54553325 0.08462206 0.06879446 0.2897744  0.         0.        ],[0.55651253 0.08607749 0.06967307 0.30077629 0.         0.        ]
Theropithecus_gelada,"{'S_d': -1165.6580606429948, 'b': 0.15034430297301393, 'p_b': 0.0, 'S_b': 1.0, 'eps': 0.0, 'h': 0.5}","{'S_d': -2843.677579462213, 'b': 0.12759542089084908, 'p_b': 0.0, 'S_b': 1.0, 'eps': 0.0, 'h': 0.5}","{'S_d': -388.01397175328054, 'b': 0.1753064427148383, 'p_b': 0.0, 'S_b': 1.0, 'eps': 0.0, 'h': 0.5}",[0.41997368 0.16910817 0.12009563 0.29082252 0.         0.        ],[0.37180907 0.13505912 0.10111832 0.27759417 0.         0.        ],[0.46296023 0.21158083 0.14251895 0.30337942 0.         0.        ]
Erythrocebus_patas,"{'S_d': -97746.86650969062, 'b': 0.08536491119931817, 'p_b': 0.0, 'S_b': 1.0, 'eps': 0.0, 'h': 0.5}","{'S_d': -100000.0, 'b': 0.08384644191138249, 'p_b': 0.0, 'S_b': 1.0, 'eps': 0.0, 'h': 0.5}","{'S_d': -83306.51569277342, 'b': 0.08724342417351193, 'p_b': 0.0, 'S_b': 1.0, 'eps': 0.0, 'h': 0.5}",[0.5292996  0.08398804 0.0690005  0.31771186 0.         0.        ],[0.52302188 0.08341427 0.06877125 0.31077069 0.         0.        ],[0.53627823 0.08632398 0.07063361 0.32370906 0.         0.        ]
Rhinopithecus_bieti,"{'S_d': -100000.0, 'b': 0.06974885628237931, 'p_b': 0.0, 'S_b': 1.0, 'eps': 0.0, 'h': 0.5}","{'S_d': -100000.0, 'b': 0.0670211179898773, 'p_b': 0.0, 'S_b': 1.0, 'eps': 0.0, 'h': 0.5}","{'S_d': -100000.0, 'b': 0.07316493951389394, 'p_b': 0.0, 'S_b': 1.0, 'eps': 0.0, 'h': 0.5}",[0.46794322 0.07890239 0.06719504 0.38595936 0.         0.        ],[0.4561513  0.07778123 0.06665832 0.36946947 0.         0.        ],[0.48254395 0.08023424 0.067795   0.4004115  0.         0.        ]
Rhinopithecus_roxellana,"{'S_d': -100000.0, 'b': 0.09482153090954805, 'p_b': 0.0, 'S_b': 1.0, 'eps': 0.0, 'h': 0.5}","{'S_d': -100000.0, 'b': 0.0926986898346738, 'p_b': 0.0, 'S_b': 1.0, 'eps': 0.0, 'h': 0.5}","{'S_d': -100000.0, 'b': 0.097016275798469, 'p_b': 0.0, 'S_b': 1.0, 'eps': 0.0, 'h': 0.5}",[0.5642418  0.0854558  0.06869644 0.28160596 0.         0.        ],[0.55697857 0.08515404 0.0685817  0.27403553 0.         0.        ],[0.57255038 0.08577446 0.06879278 0.28958321 0.         0.        ]
Semnopithecus_hypoleucos,"{'S_d': -52126.43034780843, 'b': 0.09740900976819708, 'p_b': 0.0, 'S_b': 1.0, 'eps': 0.0, 'h': 0.5}","{'S_d': -100000.0, 'b': 0.08691070792352558, 'p_b': 0.0, 'S_b': 1.0, 'eps': 0.0, 'h': 0.5}","{'S_d': -8626.64044557148, 'b': 0.11452776607675415, 'p_b': 0.0, 'S_b': 1.0, 'eps': 0.0, 'h': 0.5}",[0.5259591  0.09535768 0.07604441 0.30263881 0.         0.        ],[0.50453523 0.0841363  0.06885212 0.29281958 0.         0.        ],[0.5415001  0.11929693 0.09104713 0.31159973 0.         0.        ]
Trachypithecus_francoisi,"{'S_d': -10558.28770330552, 'b': 0.09842106815381398, 'p_b': 0.0, 'S_b': 1.0, 'eps': 0.0, 'h': 0.5}","{'S_d': -46064.529513501075, 'b': 0.07395083900184322, 'p_b': 0.0, 'S_b': 1.0, 'eps': 0.0, 'h': 0.5}","{'S_d': -821.8048257417046, 'b': 0.1257748916843758, 'p_b': 0.0, 'S_b': 1.0, 'eps': 0.0, 'h': 0.5}",[0.40888338 0.1201303  0.0953768  0.37560951 0.         0.        ],[0.36077027 0.08541483 0.07201173 0.35750798 0.         0.        ],[0.45570257 0.16357418 0.12278532 0.39300094 0.         0.        ]
Trachypithecus_poliocephalus,"{'S_d': -20103.714327418595, 'b': 0.08601958160273895, 'p_b': 0.0, 'S_b': 1.0, 'eps': 0.0, 'h': 0.5}","{'S_d': -100000.0, 'b': 0.05946814471574157, 'p_b': 0.0, 'S_b': 1.0, 'eps': 0.0, 'h': 0.5}","{'S_d': -363.86005297043175, 'b': 0.11637939224790042, 'p_b': 0.0, 'S_b': 1.0, 'eps': 0.0, 'h': 0.5}",[0.36759488 0.11416385 0.09301178 0.42522948 0.         0.        ],[0.29170951 0.07406056 0.06457951 0.40280281 0.         0.        ],[0.42365569 0.17441575 0.13303909 0.44508569 0.         0.        ]
